title,genre,keywords
Avengers: Endgame,Action|Adventure|Sci-Fi,superhero marvel avengers thanos
Avengers: Infinity War,Action|Adventure|Sci-Fi,superhero marvel avengers thanos
Avengers: Age of Ultron,Action|Adventure|Sci-Fi,superhero marvel avengers robot
Iron Man,Action|Adventure|Sci-Fi,superhero marvel iron man technology
Iron Man 2,Action|Adventure|Sci-Fi,superhero marvel iron man technology
Iron Man 3,Action|Adventure|Sci-Fi,superhero marvel iron man technology
Captain America: The First Avenger,Action|Adventure|Sci-Fi,superhero marvel captain america
Captain America: The Winter Soldier,Action|Adventure|Sci-Fi,superhero marvel captain america
Captain America: Civil War,Action|Adventure|Sci-Fi,superhero marvel captain america
Thor,Action|Adventure|Fantasy,superhero marvel thor god
Thor: The Dark World,Action|Adventure|Fantasy,superhero marvel thor god
Thor: Ragnarok,Action|Adventure|Fantasy,superhero marvel thor hulk
Black Panther,Action|Adventure|Sci-Fi,superhero marvel wakanda black panther
Doctor Strange,Action|Adventure|Fantasy,superhero marvel doctor strange magic
Guardians of the Galaxy,Action|Adventure|Sci-Fi,superhero marvel space guardians
Guardians of the Galaxy Vol. 2,Action|Adventure|Sci-Fi,superhero marvel space guardians
Spider-Man: Homecoming,Action|Adventure|Sci-Fi,superhero marvel spider man school
Spider-Man: Far From Home,Action|Adventure|Sci-Fi,superhero marvel spider man school
The Dark Knight,Action|Crime|Drama,batman superhero joker dc
The Dark Knight Rises,Action|Crime|Drama,batman superhero dc
Batman Begins,Action|Crime|Drama,batman superhero dc
Superman,Action|Adventure|Sci-Fi,superhero dc superman
Man of Steel,Action|Adventure|Sci-Fi,superhero dc superman
Wonder Woman,Action|Adventure|Fantasy,superhero dc wonder woman
Justice League,Action|Adventure|Fantasy,superhero dc justice league
Aquaman,Action|Adventure|Fantasy,superhero dc aquaman
Titanic,Drama|Romance,romance love ship ocean
The Notebook,Drama|Romance,romance love relationship
The Fault in Our Stars,Drama|Romance,romance love cancer
Inception,Action|Sci-Fi|Thriller,dream mind science technology
Interstellar,Adventure|Drama|Sci-Fi,space science time travel
The Matrix,Action|Sci-Fi,computer technology virtual reality
Jurassic Park,Adventure|Sci-Fi, dinosaurs science park
Jurassic World,Action|Adventure|Sci-Fi,dinosaurs science park
Toy Story,Animation|Comedy|Family,animation toys friendship
Toy Story 2,Animation|Comedy|Family,animation toys friendship
Finding Nemo,Animation|Adventure|Family,animation ocean fish friendship
Finding Dory,Animation|Adventure|Family,animation ocean fish friendship
The Lion King,Animation|Adventure|Drama,animation animals family
Frozen,Animation|Adventure|Family,animation princess snow
Frozen II,Animation|Adventure|Family,animation princess snow
Harry Potter and the Sorcerer's Stone,Adventure|Fantasy|Family,magic wizard school harry potter
Harry Potter and the Chamber of Secrets,Adventure|Fantasy|Family,magic wizard school harry potter
Harry Potter and the Prisoner of Azkaban,Adventure|Fantasy|Family,magic wizard school harry potter
The Lord of the Rings,Adventure|Fantasy|Drama,magic adventure ring fantasy
The Hobbit,Adventure|Fantasy,magic adventure ring fantasy
Pirates of the Caribbean,Action|Adventure|Fantasy,pirates ocean adventure
Pirates of the Caribbean: Dead Man's Chest,Action|Adventure|Fantasy,pirates ocean adventure
